id_aluno,curso,nota_teste,atividades_completas,tempo_atividade
1,Matemática,59,1,196
1,Literatura,40,34,124
1,Biologia,79,39,152
1,História,12,22,63
1,Informática,42,91,73
2,Matemática,38,7,257
2,Literatura,31,98,189
2,Biologia,13,90,246
2,História,68,98,289
2,Informática,40,85,265
3,Matemática,40,51,207
3,Literatura,88,17,259
3,Biologia,23,99,264
3,História,72,57,174
3,Informática,25,85,84
4,Matemática,52,17,195
4,Literatura,61,68,94
4,Biologia,89,99,242
4,História,53,83,103
4,Informática,55,8,267
5,Matemática,95,87,297
5,Literatura,65,87,162
5,Biologia,89,87,128
5,História,26,70,213
5,Informática,29,4,145
6,Matemática,22,72,133
6,Literatura,24,98,115
6,Biologia,11,9,254
6,História,95,19,271
6,Informática,89,64,146
7,Matemática,59,22,118
7,Literatura,28,19,169
7,Biologia,15,93,278
7,História,25,17,248
7,Informática,98,58,112
8,Matemática,98,91,152
8,Literatura,12,16,144
8,Biologia,18,97,268
8,História,75,37,96
8,Informática,56,8,125
9,Matemática,32,35,160
9,Literatura,96,92,177
9,Biologia,54,70,245
9,História,16,93,132
9,Informática,67,51,222
10,Matemática,83,0,152
10,Literatura,71,34,83
10,Biologia,56,74,132
10,História,93,69,187
10,Informática,91,5,88
11,Matemática,33,46,132
11,Literatura,33,11,294
11,Biologia,80,53,259
11,História,25,51,71
11,Informática,49,92,254
12,Matemática,64,71,245
12,Literatura,43,85,176
12,Biologia,69,94,123
12,História,65,71,236
12,Informática,20,0,96
13,Matemática,51,52,69
13,Literatura,79,36,245
13,Biologia,37,67,281
13,História,63,20,120
13,Informática,11,57,171
14,Matemática,67,41,204
14,Literatura,55,80,264
14,Biologia,42,64,134
14,História,59,42,207
14,Informática,84,66,157
15,Matemática,38,39,224
15,Literatura,41,61,127
15,Biologia,70,20,212
15,História,68,68,161
15,Informática,29,11,268
16,Matemática,86,81,192
16,Literatura,69,62,165
16,Biologia,77,69,70
16,História,78,10,190
16,Informática,72,83,108
17,Matemática,63,76,127
17,Literatura,59,92,170
17,Biologia,35,79,272
17,História,36,49,93
17,Informática,90,71,132
18,Matemática,10,2,179
18,Literatura,54,44,295
18,Biologia,67,44,213
18,História,63,21,239
18,Informática,37,37,296
19,Matemática,46,39,152
19,Literatura,10,70,241
19,Biologia,93,5,130
19,História,43,79,94
19,Informática,16,97,111
20,Matemática,38,90,154
20,Literatura,41,37,179
20,Biologia,97,78,237
20,História,20,24,63
20,Informática,48,42,165
21,Matemática,27,37,97
21,Literatura,29,89,224
21,Biologia,32,21,142
21,História,73,9,125
21,Informática,47,81,102
22,Matemática,98,60,199
22,Literatura,40,43,168
22,Biologia,21,41,280
22,História,93,4,225
22,Informática,42,88,299
23,Matemática,58,27,145
23,Literatura,97,22,106
23,Biologia,68,36,158
23,História,49,74,189
23,Informática,48,53,243
24,Matemática,54,51,68
24,Literatura,51,56,73
24,Biologia,82,24,135
24,História,100,55,221
24,Informática,29,47,230
25,Matemática,44,34,93
25,Literatura,24,80,221
25,Biologia,76,63,138
25,História,15,91,200
25,Informática,99,82,148
26,Matemática,99,41,273
26,Literatura,14,96,92
26,Biologia,27,12,248
26,História,19,15,98
26,Informática,18,39,260
27,Matemática,78,28,160
27,Literatura,97,57,261
27,Biologia,80,99,269
27,História,69,21,288
27,Informática,97,52,143
28,Matemática,14,89,82
28,Literatura,17,51,223
28,Biologia,68,69,114
28,História,40,91,265
28,Informática,46,95,108
29,Matemática,69,19,109
29,Literatura,57,74,137
29,Biologia,76,41,268
29,História,91,9,158
29,Informática,65,94,283
30,Matemática,63,0,73
30,Literatura,92,85,237
30,Biologia,10,65,122
30,História,23,50,74
30,Informática,43,55,108
31,Matemática,39,29,185
31,Literatura,77,64,145
31,Biologia,19,59,131
31,História,17,81,273
31,Informática,99,46,163
32,Matemática,38,95,166
32,Literatura,13,8,122
32,Biologia,92,40,79
32,História,28,61,85
32,Informática,96,59,108
33,Matemática,22,37,189
33,Literatura,43,58,267
33,Biologia,42,3,245
33,História,70,7,123
33,Informática,71,72,200
34,Matemática,67,64,71
34,Literatura,85,73,235
34,Biologia,40,83,85
34,História,76,52,157
34,Informática,98,40,92
35,Matemática,22,96,221
35,Literatura,36,11,79
35,Biologia,41,68,97
35,História,99,95,275
35,Informática,99,48,276
36,Matemática,56,93,134
36,Literatura,32,90,279
36,Biologia,84,59,211
36,História,86,37,248
36,Informática,37,64,174
37,Matemática,48,21,175
37,Literatura,33,13,98
37,Biologia,28,47,205
37,História,34,93,273
37,Informática,94,70,163
38,Matemática,85,14,91
38,Literatura,61,42,254
38,Biologia,95,59,235
38,História,68,71,188
38,Informática,29,91,133
39,Matemática,70,53,227
39,Literatura,68,72,270
39,Biologia,78,44,184
39,História,20,70,174
39,Informática,98,85,112
40,Matemática,23,40,208
40,Literatura,24,49,168
40,Biologia,27,7,205
40,História,46,17,85
40,Informática,49,73,76
41,Matemática,14,69,82
41,Literatura,49,29,209
41,Biologia,53,58,172
41,História,30,38,161
41,Informática,54,73,74
42,Matemática,46,94,199
42,Literatura,46,34,177
42,Biologia,31,47,95
42,História,97,42,191
42,Informática,30,50,88
43,Matemática,87,78,204
43,Literatura,48,77,293
43,Biologia,61,19,111
43,História,38,60,171
43,Informática,72,22,249
44,Matemática,58,60,161
44,Literatura,16,79,153
44,Biologia,77,62,234
44,História,35,42,289
44,Informática,67,39,127
45,Matemática,81,12,290
45,Literatura,34,65,230
45,Biologia,19,47,207
45,História,50,25,283
45,Informática,77,14,218
46,Matemática,66,76,187
46,Literatura,61,77,136
46,Biologia,89,14,246
46,História,59,68,225
46,Informática,45,40,227
47,Matemática,25,41,86
47,Literatura,27,77,68
47,Biologia,54,34,224
47,História,14,42,99
47,Informática,22,6,126
48,Matemática,44,60,244
48,Literatura,60,73,129
48,Biologia,43,27,276
48,História,96,64,223
48,Informática,76,14,154
49,Matemática,39,54,154
49,Literatura,16,65,127
49,Biologia,21,79,237
49,História,81,10,121
49,Informática,95,77,166
50,Matemática,16,36,175
50,Literatura,83,26,88
50,Biologia,22,19,232
50,História,91,61,167
50,Informática,79,82,62
51,Matemática,24,99,229
51,Literatura,88,4,186
51,Biologia,23,36,221
51,História,44,10,88
51,Informática,73,44,210
52,Matemática,68,71,247
52,Literatura,18,91,158
52,Biologia,54,16,291
52,História,39,5,229
52,Informática,69,17,176
53,Matemática,35,23,200
53,Literatura,43,6,154
53,Biologia,56,18,115
53,História,33,33,147
53,Informática,15,27,93
54,Matemática,58,68,224
54,Literatura,97,59,250
54,Biologia,90,34,261
54,História,72,71,137
54,Informática,76,61,285
55,Matemática,47,32,267
55,Literatura,55,62,208
55,Biologia,12,48,165
55,História,95,60,119
55,Informática,70,87,196
56,Matemática,61,64,115
56,Literatura,14,86,78
56,Biologia,77,81,198
56,História,91,33,269
56,Informática,50,100,177
57,Matemática,88,98,163
57,Literatura,42,35,131
57,Biologia,19,80,202
57,História,69,41,166
57,Informática,43,51,82
58,Matemática,36,7,153
58,Literatura,99,36,173
58,Biologia,97,55,275
58,História,100,93,211
58,Informática,99,19,85
59,Matemática,75,15,163
59,Literatura,50,79,156
59,Biologia,52,32,267
59,História,74,64,269
59,Informática,77,33,252
60,Matemática,37,0,129
60,Literatura,88,62,257
60,Biologia,77,36,107
60,História,13,22,236
60,Informática,89,16,64
61,Matemática,71,88,162
61,Literatura,87,5,121
61,Biologia,27,60,224
61,História,51,90,275
61,Informática,87,94,222
62,Matemática,85,62,130
62,Literatura,42,38,291
62,Biologia,16,60,84
62,História,34,12,179
62,Informática,43,88,184
63,Matemática,19,93,291
63,Literatura,52,37,270
63,Biologia,68,67,214
63,História,84,51,226
63,Informática,38,42,255
64,Matemática,100,60,205
64,Literatura,91,0,93
64,Biologia,30,100,256
64,História,76,86,108
64,Informática,18,94,284
65,Matemática,48,82,160
65,Literatura,58,60,101
65,Biologia,29,71,256
65,História,100,41,127
65,Informática,55,92,99
66,Matemática,52,61,218
66,Literatura,44,14,288
66,Biologia,39,50,72
66,História,29,20,206
66,Informática,54,16,99
67,Matemática,76,65,287
67,Literatura,85,51,246
67,Biologia,29,51,254
67,História,17,87,146
67,Informática,93,22,279
68,Matemática,40,52,71
68,Literatura,43,13,135
68,Biologia,86,86,225
68,História,50,51,62
68,Informática,47,58,254
69,Matemática,49,83,267
69,Literatura,53,51,285
69,Biologia,23,4,145
69,História,94,54,270
69,Informática,28,20,183
70,Matemática,64,47,236
70,Literatura,28,61,156
70,Biologia,25,73,276
70,História,28,13,117
70,Informática,84,56,203
71,Matemática,84,7,245
71,Literatura,13,35,93
71,Biologia,86,24,219
71,História,31,84,160
71,Informática,33,35,255
72,Matemática,17,65,116
72,Literatura,29,52,259
72,Biologia,33,21,226
72,História,57,70,127
72,Informática,19,72,69
73,Matemática,91,14,183
73,Literatura,33,43,81
73,Biologia,95,90,277
73,História,17,83,93
73,Informática,13,17,98
74,Matemática,14,98,227
74,Literatura,70,97,271
74,Biologia,22,18,143
74,História,44,28,212
74,Informática,96,82,86
75,Matemática,87,95,213
75,Literatura,72,29,187
75,Biologia,54,100,145
75,História,60,12,122
75,Informática,28,67,238
76,Matemática,90,99,202
76,Literatura,31,2,92
76,Biologia,40,99,134
76,História,97,12,200
76,Informática,63,98,185
77,Matemática,65,4,222
77,Literatura,87,61,95
77,Biologia,73,8,67
77,História,29,47,239
77,Informática,47,23,203
78,Matemática,65,26,69
78,Literatura,71,70,267
78,Biologia,20,86,89
78,História,95,21,149
78,Informática,13,20,114
79,Matemática,69,57,240
79,Literatura,79,52,154
79,Biologia,99,61,71
79,História,78,98,227
79,Informática,92,93,236
80,Matemática,15,88,283
80,Literatura,89,55,193
80,Biologia,83,18,289
80,História,20,56,105
80,Informática,13,58,258
81,Matemática,71,50,165
81,Literatura,89,37,297
81,Biologia,61,54,224
81,História,50,23,128
81,Informática,27,41,234
82,Matemática,58,59,291
82,Literatura,34,40,191
82,Biologia,74,100,118
82,História,30,0,226
82,Informática,70,64,205
83,Matemática,83,43,263
83,Literatura,80,65,112
83,Biologia,87,83,225
83,História,41,27,60
83,Informática,55,49,220
84,Matemática,29,40,209
84,Literatura,87,20,279
84,Biologia,49,21,228
84,História,53,36,283
84,Informática,15,76,292
85,Matemática,65,56,125
85,Literatura,47,79,154
85,Biologia,55,32,225
85,História,77,23,299
85,Informática,10,9,267
86,Matemática,42,15,264
86,Literatura,52,3,197
86,Biologia,62,64,73
86,História,65,28,164
86,Informática,18,48,225
87,Matemática,37,14,148
87,Literatura,91,8,168
87,Biologia,85,43,72
87,História,68,67,274
87,Informática,90,19,209
88,Matemática,34,89,73
88,Literatura,52,13,271
88,Biologia,73,83,120
88,História,77,45,234
88,Informática,100,2,201
89,Matemática,28,75,179
89,Literatura,80,23,127
89,Biologia,15,90,154
89,História,44,34,206
89,Informática,97,71,72
90,Matemática,87,55,70
90,Literatura,17,26,270
90,Biologia,26,18,63
90,História,25,63,220
90,Informática,43,88,204
91,Matemática,32,93,211
91,Literatura,94,56,220
91,Biologia,65,73,152
91,História,47,87,247
91,Informática,43,35,74
92,Matemática,95,44,104
92,Literatura,44,8,74
92,Biologia,95,81,134
92,História,11,20,281
92,Informática,40,11,79
93,Matemática,38,75,217
93,Literatura,13,45,260
93,Biologia,41,83,67
93,História,63,33,254
93,Informática,40,82,150
94,Matemática,48,92,62
94,Literatura,61,58,161
94,Biologia,16,6,70
94,História,60,8,246
94,Informática,92,46,207
95,Matemática,95,23,295
95,Literatura,78,93,111
95,Biologia,98,98,159
95,História,84,10,249
95,Informática,78,88,240
96,Matemática,10,39,205
96,Literatura,31,49,112
96,Biologia,31,17,148
96,História,56,25,241
96,Informática,25,93,254
97,Matemática,24,77,254
97,Literatura,57,32,144
97,Biologia,11,15,145
97,História,50,89,92
97,Informática,13,83,216
98,Matemática,16,0,275
98,Literatura,44,42,166
98,Biologia,84,9,260
98,História,70,54,238
98,Informática,41,13,115
99,Matemática,29,38,96
99,Literatura,20,80,257
99,Biologia,63,54,68
99,História,78,73,186
99,Informática,57,52,208
100,Matemática,78,8,213
100,Literatura,59,76,143
100,Biologia,68,91,88
100,História,78,82,62
100,Informática,83,49,152
101,Matemática,11,16,116
101,Literatura,93,79,140
101,Biologia,37,47,259
101,História,25,75,289
101,Informática,38,66,218
102,Matemática,35,100,198
102,Literatura,65,31,206
102,Biologia,28,23,97
102,História,39,37,211
102,Informática,42,53,251
103,Matemática,59,42,185
103,Literatura,34,0,145
103,Biologia,97,88,200
103,História,17,30,299
103,Informática,92,100,153
104,Matemática,29,50,264
104,Literatura,31,64,185
104,Biologia,59,13,236
104,História,82,27,170
104,Informática,56,64,103
105,Matemática,33,8,187
105,Literatura,68,40,219
105,Biologia,16,67,212
105,História,79,74,264
105,Informática,34,34,246
106,Matemática,13,98,181
106,Literatura,63,1,273
106,Biologia,25,76,261
106,História,40,67,75
106,Informática,46,58,126
107,Matemática,69,18,234
107,Literatura,14,71,268
107,Biologia,75,30,230
107,História,36,81,240
107,Informática,76,7,98
108,Matemática,54,62,229
108,Literatura,79,43,164
108,Biologia,64,88,69
108,História,24,31,62
108,Informática,25,92,186
109,Matemática,94,9,247
109,Literatura,67,79,219
109,Biologia,63,31,157
109,História,69,33,234
109,Informática,10,78,143
110,Matemática,75,76,112
110,Literatura,53,94,92
110,Biologia,49,12,218
110,História,72,49,114
110,Informática,22,100,268
111,Matemática,85,93,120
111,Literatura,13,65,96
111,Biologia,49,92,261
111,História,29,51,174
111,Informática,13,28,275
112,Matemática,18,25,161
112,Literatura,91,56,289
112,Biologia,18,15,92
112,História,74,0,179
112,Informática,20,10,63
113,Matemática,62,92,249
113,Literatura,98,99,266
113,Biologia,81,41,273
113,História,98,15,286
113,Informática,32,71,154
114,Matemática,25,89,126
114,Literatura,77,90,181
114,Biologia,74,14,187
114,História,80,77,237
114,Informática,25,22,235
115,Matemática,56,23,256
115,Literatura,46,68,229
115,Biologia,28,69,221
115,História,77,24,135
115,Informática,54,16,261
116,Matemática,57,64,288
116,Literatura,85,18,107
116,Biologia,89,59,186
116,História,28,47,89
116,Informática,45,5,271
117,Matemática,22,48,112
117,Literatura,53,21,245
117,Biologia,65,55,289
117,História,26,62,254
117,Informática,16,94,88
118,Matemática,80,45,157
118,Literatura,20,63,215
118,Biologia,96,84,247
118,História,28,38,160
118,Informática,91,99,102
119,Matemática,95,85,112
119,Literatura,66,21,213
119,Biologia,33,2,86
119,História,81,29,160
119,Informática,45,50,159
120,Matemática,38,44,219
120,Literatura,37,9,87
120,Biologia,15,85,220
120,História,79,31,209
120,Informática,11,60,60
121,Matemática,42,37,78
121,Literatura,47,6,120
121,Biologia,25,10,194
121,História,65,5,164
121,Informática,14,85,238
122,Matemática,99,25,137
122,Literatura,29,76,252
122,Biologia,93,97,143
122,História,67,28,245
122,Informática,80,10,257
123,Matemática,72,84,266
123,Literatura,80,2,277
123,Biologia,65,1,135
123,História,25,1,203
123,Informática,53,71,116
124,Matemática,97,26,299
124,Literatura,74,69,153
124,Biologia,46,56,149
124,História,53,58,218
124,Informática,69,42,221
125,Matemática,44,60,199
125,Literatura,37,27,222
125,Biologia,77,59,110
125,História,72,99,166
125,Informática,10,9,277
126,Matemática,96,95,67
126,Literatura,86,86,181
126,Biologia,14,3,138
126,História,38,45,69
126,Informática,71,2,242
127,Matemática,62,68,234
127,Literatura,79,21,134
127,Biologia,12,54,85
127,História,61,26,263
127,Informática,95,16,257
128,Matemática,41,31,238
128,Literatura,91,97,272
128,Biologia,66,86,61
128,História,53,96,202
128,Informática,100,13,93
129,Matemática,17,3,197
129,Literatura,28,45,109
129,Biologia,60,98,261
129,História,52,46,290
129,Informática,65,59,163
130,Matemática,91,29,189
130,Literatura,66,43,102
130,Biologia,87,25,82
130,História,94,45,194
130,Informática,46,1,232
131,Matemática,58,37,264
131,Literatura,33,92,125
131,Biologia,68,64,243
131,História,57,93,125
131,Informática,34,91,176
132,Matemática,50,56,137
132,Literatura,77,51,202
132,Biologia,72,97,218
132,História,81,92,75
132,Informática,51,37,119
133,Matemática,32,69,268
133,Literatura,76,44,125
133,Biologia,15,54,188
133,História,12,51,240
133,Informática,56,16,288
134,Matemática,11,44,229
134,Literatura,90,14,148
134,Biologia,30,13,64
134,História,79,44,263
134,Informática,11,70,82
135,Matemática,100,93,206
135,Literatura,71,15,217
135,Biologia,49,87,63
135,História,16,11,134
135,Informática,77,54,196
136,Matemática,63,73,246
136,Literatura,55,81,258
136,Biologia,89,87,208
136,História,68,23,120
136,Informática,32,75,187
137,Matemática,91,88,182
137,Literatura,80,45,183
137,Biologia,53,71,173
137,História,35,0,72
137,Informática,25,33,272
138,Matemática,13,23,275
138,Literatura,53,15,157
138,Biologia,97,85,92
138,História,87,99,149
138,Informática,31,94,277
139,Matemática,20,28,254
139,Literatura,56,84,74
139,Biologia,45,5,197
139,História,96,6,218
139,Informática,14,88,201
140,Matemática,88,0,176
140,Literatura,45,44,151
140,Biologia,88,67,230
140,História,54,6,118
140,Informática,12,21,203
141,Matemática,64,65,226
141,Literatura,15,78,138
141,Biologia,12,36,238
141,História,10,79,153
141,Informática,21,44,193
142,Matemática,29,99,296
142,Literatura,97,35,110
142,Biologia,83,10,278
142,História,41,50,265
142,Informática,82,96,113
143,Matemática,51,64,214
143,Literatura,43,57,250
143,Biologia,35,74,193
143,História,36,2,156
143,Informática,32,5,200
144,Matemática,63,25,181
144,Literatura,53,27,76
144,Biologia,47,39,215
144,História,43,22,114
144,Informática,17,49,287
145,Matemática,25,67,172
145,Literatura,65,39,254
145,Biologia,89,36,210
145,História,12,84,157
145,Informática,43,88,190
146,Matemática,22,63,73
146,Literatura,60,13,250
146,Biologia,59,6,291
146,História,53,3,279
146,Informática,34,17,197
147,Matemática,13,83,74
147,Literatura,79,0,169
147,Biologia,31,76,213
147,História,71,54,164
147,Informática,64,94,160
148,Matemática,64,43,296
148,Literatura,29,29,262
148,Biologia,75,40,177
148,História,92,64,79
148,Informática,59,50,144
149,Matemática,88,57,207
149,Literatura,24,66,178
149,Biologia,59,58,220
149,História,52,92,257
149,Informática,88,75,154
150,Matemática,51,3,112
150,Literatura,93,83,232
150,Biologia,61,32,232
150,História,67,46,159
150,Informática,78,76,145
151,Matemática,18,32,126
151,Literatura,82,72,185
151,Biologia,22,94,207
151,História,60,26,212
151,Informática,45,74,73
152,Matemática,95,49,90
152,Literatura,33,28,123
152,Biologia,17,20,205
152,História,35,15,227
152,Informática,24,61,206
153,Matemática,57,70,185
153,Literatura,49,60,151
153,Biologia,70,15,78
153,História,88,69,211
153,Informática,81,29,118
154,Matemática,93,53,162
154,Literatura,67,55,146
154,Biologia,32,22,171
154,História,12,97,148
154,Informática,51,55,109
155,Matemática,61,42,63
155,Literatura,47,11,159
155,Biologia,85,6,283
155,História,97,84,241
155,Informática,59,33,193
156,Matemática,63,21,277
156,Literatura,27,72,298
156,Biologia,74,39,232
156,História,54,10,264
156,Informática,33,32,222
157,Matemática,50,52,136
157,Literatura,41,58,225
157,Biologia,71,75,138
157,História,66,43,222
157,Informática,57,85,240
158,Matemática,73,86,157
158,Literatura,94,46,93
158,Biologia,97,84,281
158,História,17,47,297
158,Informática,83,34,77
159,Matemática,95,96,272
159,Literatura,54,20,229
159,Biologia,39,100,236
159,História,75,80,136
159,Informática,61,85,223
160,Matemática,40,85,86
160,Literatura,16,25,65
160,Biologia,48,98,154
160,História,82,34,152
160,Informática,44,66,88
161,Matemática,23,39,294
161,Literatura,78,98,232
161,Biologia,84,85,74
161,História,60,60,216
161,Informática,79,16,298
162,Matemática,32,51,254
162,Literatura,53,64,177
162,Biologia,16,0,67
162,História,71,99,281
162,Informática,36,24,247
163,Matemática,85,59,272
163,Literatura,30,12,133
163,Biologia,98,48,128
163,História,45,14,254
163,Informática,21,50,195
164,Matemática,44,5,87
164,Literatura,58,3,218
164,Biologia,56,19,148
164,História,56,30,73
164,Informática,40,59,146
165,Matemática,32,67,104
165,Literatura,89,15,238
165,Biologia,50,41,268
165,História,26,49,243
165,Informática,32,24,197
166,Matemática,20,23,262
166,Literatura,30,93,117
166,Biologia,81,9,144
166,História,21,27,239
166,Informática,40,11,289
167,Matemática,22,64,161
167,Literatura,85,45,235
167,Biologia,95,10,218
167,História,41,13,192
167,Informática,42,31,176
168,Matemática,86,76,98
168,Literatura,55,92,214
168,Biologia,92,68,214
168,História,55,99,224
168,Informática,57,45,240
169,Matemática,93,94,182
169,Literatura,93,42,174
169,Biologia,42,93,131
169,História,37,23,231
169,Informática,76,46,110
170,Matemática,35,3,155
170,Literatura,93,8,181
170,Biologia,36,54,174
170,História,49,73,135
170,Informática,14,18,160
171,Matemática,94,17,81
171,Literatura,67,90,274
171,Biologia,77,2,220
171,História,95,57,112
171,Informática,49,46,196
172,Matemática,49,89,78
172,Literatura,31,35,115
172,Biologia,38,94,192
172,História,33,12,263
172,Informática,31,76,102
173,Matemática,13,8,210
173,Literatura,21,11,160
173,Biologia,54,4,114
173,História,60,95,189
173,Informática,27,76,239
174,Matemática,42,41,96
174,Literatura,23,31,171
174,Biologia,83,29,162
174,História,80,45,75
174,Informática,16,13,100
175,Matemática,60,47,95
175,Literatura,86,22,268
175,Biologia,63,52,215
175,História,51,87,268
175,Informática,87,26,151
176,Matemática,23,32,181
176,Literatura,88,32,244
176,Biologia,42,73,99
176,História,44,83,94
176,Informática,98,42,225
177,Matemática,97,3,178
177,Literatura,16,6,142
177,Biologia,75,81,69
177,História,76,4,214
177,Informática,97,51,236
178,Matemática,82,17,92
178,Literatura,82,89,172
178,Biologia,98,62,135
178,História,56,10,271
178,Informática,97,54,204
179,Matemática,74,37,140
179,Literatura,85,72,66
179,Biologia,67,64,263
179,História,14,32,133
179,Informática,98,10,136
180,Matemática,86,49,178
180,Literatura,86,8,144
180,Biologia,66,61,256
180,História,44,20,274
180,Informática,89,92,177
181,Matemática,18,1,166
181,Literatura,26,84,266
181,Biologia,51,29,250
181,História,26,76,197
181,Informática,18,70,131
182,Matemática,82,80,120
182,Literatura,16,69,145
182,Biologia,91,60,287
182,História,82,45,232
182,Informática,71,90,190
183,Matemática,11,14,258
183,Literatura,96,27,268
183,Biologia,20,18,201
183,História,32,16,298
183,Informática,92,11,259
184,Matemática,72,51,112
184,Literatura,60,1,256
184,Biologia,53,47,64
184,História,89,23,96
184,Informática,90,45,190
185,Matemática,45,98,115
185,Literatura,62,94,227
185,Biologia,20,26,136
185,História,62,58,138
185,Informática,49,71,195
186,Matemática,70,92,282
186,Literatura,48,9,222
186,Biologia,64,55,119
186,História,59,50,247
186,Informática,41,59,192
187,Matemática,58,85,296
187,Literatura,95,49,62
187,Biologia,26,70,253
187,História,70,84,183
187,Informática,53,49,282
188,Matemática,88,97,173
188,Literatura,95,73,182
188,Biologia,40,97,236
188,História,80,27,130
188,Informática,29,92,137
189,Matemática,44,13,185
189,Literatura,42,28,173
189,Biologia,91,45,298
189,História,20,60,254
189,Informática,44,16,207
190,Matemática,25,67,270
190,Literatura,84,7,244
190,Biologia,17,69,87
190,História,54,88,155
190,Informática,71,37,201
191,Matemática,28,51,208
191,Literatura,85,8,64
191,Biologia,59,95,271
191,História,64,0,136
191,Informática,55,77,207
192,Matemática,11,26,161
192,Literatura,38,48,284
192,Biologia,93,4,93
192,História,100,7,98
192,Informática,55,38,119
193,Matemática,82,48,277
193,Literatura,42,80,85
193,Biologia,94,42,83
193,História,31,94,264
193,Informática,31,43,111
194,Matemática,97,23,95
194,Literatura,43,76,86
194,Biologia,38,7,173
194,História,66,18,60
194,Informática,18,58,287
195,Matemática,72,74,290
195,Literatura,57,51,224
195,Biologia,57,35,166
195,História,51,93,187
195,Informática,12,71,259
196,Matemática,11,95,93
196,Literatura,26,35,211
196,Biologia,20,10,70
196,História,17,62,66
196,Informática,28,12,183
197,Matemática,100,69,267
197,Literatura,53,7,297
197,Biologia,78,56,295
197,História,52,32,119
197,Informática,26,65,133
198,Matemática,75,88,189
198,Literatura,46,9,66
198,Biologia,86,1,70
198,História,22,56,296
198,Informática,18,17,264
199,Matemática,42,85,167
199,Literatura,72,58,216
199,Biologia,26,68,156
199,História,54,72,277
199,Informática,11,97,278
200,Matemática,27,77,120
200,Literatura,94,97,169
200,Biologia,80,66,108
200,História,74,65,152
200,Informática,78,94,111
201,Matemática,86,96,70
201,Literatura,72,24,85
201,Biologia,29,39,139
201,História,55,38,162
201,Informática,29,36,207
202,Matemática,53,92,109
202,Literatura,49,71,133
202,Biologia,59,66,251
202,História,23,18,202
202,Informática,91,5,287
203,Matemática,57,35,126
203,Literatura,26,95,115
203,Biologia,34,30,177
203,História,26,31,138
203,Informática,43,39,108
204,Matemática,39,55,262
204,Literatura,100,1,296
204,Biologia,70,84,205
204,História,29,71,82
204,Informática,21,100,136
205,Matemática,83,32,109
205,Literatura,33,55,246
205,Biologia,58,17,80
205,História,64,41,120
205,Informática,81,65,121
206,Matemática,27,62,96
206,Literatura,83,31,142
206,Biologia,86,21,133
206,História,40,92,152
206,Informática,69,72,119
207,Matemática,42,84,163
207,Literatura,50,25,129
207,Biologia,51,80,141
207,História,11,51,182
207,Informática,18,84,139
208,Matemática,32,79,108
208,Literatura,100,58,62
208,Biologia,85,82,217
208,História,53,15,196
208,Informática,82,52,277
209,Matemática,85,19,291
209,Literatura,41,56,132
209,Biologia,52,80,113
209,História,72,12,78
209,Informática,33,21,246
210,Matemática,83,51,110
210,Literatura,28,64,243
210,Biologia,37,45,233
210,História,30,13,175
210,Informática,71,92,203
211,Matemática,99,2,274
211,Literatura,59,32,90
211,Biologia,59,45,81
211,História,14,83,78
211,Informática,83,1,168
212,Matemática,88,9,108
212,Literatura,88,25,295
212,Biologia,42,55,162
212,História,93,31,94
212,Informática,44,19,94
213,Matemática,10,47,184
213,Literatura,25,52,264
213,Biologia,62,40,195
213,História,21,96,269
213,Informática,28,4,216
214,Matemática,96,28,210
214,Literatura,85,14,189
214,Biologia,56,86,258
214,História,97,80,177
214,Informática,38,41,177
215,Matemática,41,32,298
215,Literatura,30,55,144
215,Biologia,82,99,101
215,História,95,14,174
215,Informática,13,92,249
216,Matemática,39,7,269
216,Literatura,98,62,201
216,Biologia,44,100,286
216,História,23,13,179
216,Informática,41,72,241
217,Matemática,74,52,235
217,Literatura,58,45,181
217,Biologia,27,87,224
217,História,23,75,264
217,Informática,19,36,222
218,Matemática,70,93,128
218,Literatura,62,84,261
218,Biologia,83,79,270
218,História,44,41,73
218,Informática,63,72,207
219,Matemática,93,77,214
219,Literatura,82,26,106
219,Biologia,13,68,138
219,História,26,76,201
219,Informática,10,59,196
220,Matemática,88,23,136
220,Literatura,89,40,225
220,Biologia,19,55,248
220,História,25,61,262
220,Informática,48,40,107
221,Matemática,29,13,280
221,Literatura,24,89,118
221,Biologia,55,46,204
221,História,89,10,289
221,Informática,46,99,271
222,Matemática,82,41,184
222,Literatura,62,39,224
222,Biologia,84,62,272
222,História,43,81,285
222,Informática,29,89,132
223,Matemática,27,33,220
223,Literatura,44,81,80
223,Biologia,71,22,241
223,História,48,75,92
223,Informática,82,26,283
224,Matemática,10,24,161
224,Literatura,98,25,86
224,Biologia,15,6,128
224,História,44,72,125
224,Informática,24,43,197
225,Matemática,61,90,144
225,Literatura,75,12,244
225,Biologia,90,9,245
225,História,46,87,246
225,Informática,61,93,85
226,Matemática,84,76,126
226,Literatura,21,21,119
226,Biologia,85,85,85
226,História,67,75,263
226,Informática,56,79,190
227,Matemática,11,96,179
227,Literatura,99,61,187
227,Biologia,36,1,77
227,História,38,57,253
227,Informática,70,0,232
228,Matemática,74,8,118
228,Literatura,77,91,121
228,Biologia,10,7,188
228,História,60,2,84
228,Informática,47,88,157
229,Matemática,42,87,95
229,Literatura,73,60,191
229,Biologia,18,55,184
229,História,44,96,119
229,Informática,46,19,127
230,Matemática,44,73,239
230,Literatura,61,13,226
230,Biologia,40,8,123
230,História,39,27,249
230,Informática,27,40,285
231,Matemática,12,60,211
231,Literatura,100,74,95
231,Biologia,85,73,215
231,História,43,11,79
231,Informática,45,41,172
232,Matemática,88,52,257
232,Literatura,32,13,126
232,Biologia,61,54,194
232,História,30,24,220
232,Informática,63,1,206
233,Matemática,20,94,266
233,Literatura,22,71,91
233,Biologia,21,25,96
233,História,57,31,69
233,Informática,50,84,231
234,Matemática,36,80,129
234,Literatura,49,73,147
234,Biologia,45,12,240
234,História,92,6,147
234,Informática,86,53,213
235,Matemática,67,99,229
235,Literatura,32,20,295
235,Biologia,98,4,245
235,História,69,95,157
235,Informática,93,14,279
236,Matemática,12,3,148
236,Literatura,11,0,152
236,Biologia,31,34,253
236,História,96,97,214
236,Informática,89,7,80
237,Matemática,86,48,159
237,Literatura,56,93,285
237,Biologia,25,13,113
237,História,89,4,171
237,Informática,41,24,141
238,Matemática,98,59,69
238,Literatura,23,96,277
238,Biologia,53,63,213
238,História,29,8,141
238,Informática,54,70,117
239,Matemática,40,16,171
239,Literatura,24,50,262
239,Biologia,100,57,262
239,História,58,21,254
239,Informática,48,7,162
240,Matemática,69,60,261
240,Literatura,95,34,89
240,Biologia,99,18,194
240,História,98,12,232
240,Informática,94,92,170
241,Matemática,73,28,112
241,Literatura,88,36,153
241,Biologia,54,94,156
241,História,48,23,113
241,Informática,33,38,127
242,Matemática,93,30,276
242,Literatura,24,89,90
242,Biologia,45,72,231
242,História,69,66,156
242,Informática,99,99,136
243,Matemática,32,39,211
243,Literatura,87,63,110
243,Biologia,99,47,202
243,História,56,58,232
243,Informática,16,45,64
244,Matemática,10,40,256
244,Literatura,99,45,203
244,Biologia,59,82,145
244,História,78,12,287
244,Informática,83,9,93
245,Matemática,54,18,262
245,Literatura,45,14,250
245,Biologia,45,57,202
245,História,59,64,149
245,Informática,92,11,63
246,Matemática,17,64,224
246,Literatura,14,82,254
246,Biologia,67,40,179
246,História,21,75,117
246,Informática,80,53,287
247,Matemática,36,76,190
247,Literatura,11,42,271
247,Biologia,34,80,88
247,História,29,67,152
247,Informática,91,45,275
248,Matemática,89,37,209
248,Literatura,63,74,133
248,Biologia,74,74,107
248,História,95,46,92
248,Informática,62,0,216
249,Matemática,46,58,179
249,Literatura,92,18,234
249,Biologia,34,61,248
249,História,42,59,290
249,Informática,44,45,259
250,Matemática,70,85,77
250,Literatura,76,84,67
250,Biologia,43,0,288
250,História,95,55,126
250,Informática,67,37,210
251,Matemática,74,88,161
251,Literatura,86,66,272
251,Biologia,67,2,124
251,História,14,78,80
251,Informática,71,6,198
252,Matemática,50,86,175
252,Literatura,18,54,68
252,Biologia,16,11,74
252,História,47,92,149
252,Informática,28,76,239
253,Matemática,94,14,229
253,Literatura,44,75,239
253,Biologia,34,65,251
253,História,95,24,285
253,Informática,76,75,198
254,Matemática,20,36,165
254,Literatura,25,90,233
254,Biologia,56,92,108
254,História,58,80,82
254,Informática,71,71,212
255,Matemática,73,54,287
255,Literatura,98,12,150
255,Biologia,64,86,70
255,História,13,66,153
255,Informática,15,74,108
256,Matemática,54,16,240
256,Literatura,12,94,130
256,Biologia,93,25,132
256,História,55,52,291
256,Informática,36,5,185
257,Matemática,98,85,192
257,Literatura,26,71,240
257,Biologia,11,35,155
257,História,84,21,274
257,Informática,42,99,69
258,Matemática,71,75,214
258,Literatura,67,48,196
258,Biologia,64,99,242
258,História,21,22,202
258,Informática,34,86,148
259,Matemática,19,78,71
259,Literatura,12,1,109
259,Biologia,26,19,256
259,História,75,75,76
259,Informática,13,62,101
260,Matemática,33,62,154
260,Literatura,32,27,101
260,Biologia,91,48,161
260,História,45,71,229
260,Informática,78,83,98
261,Matemática,30,79,73
261,Literatura,71,2,150
261,Biologia,23,88,181
261,História,52,21,175
261,Informática,41,69,213
262,Matemática,53,42,217
262,Literatura,54,71,135
262,Biologia,51,30,125
262,História,30,81,81
262,Informática,58,43,255
263,Matemática,79,86,158
263,Literatura,59,32,238
263,Biologia,64,52,250
263,História,93,81,61
263,Informática,19,45,206
264,Matemática,100,91,116
264,Literatura,24,46,197
264,Biologia,63,61,179
264,História,62,64,117
264,Informática,41,31,134
265,Matemática,68,67,88
265,Literatura,57,55,247
265,Biologia,31,68,68
265,História,83,55,225
265,Informática,84,100,158
266,Matemática,73,53,298
266,Literatura,11,56,108
266,Biologia,85,32,126
266,História,100,78,179
266,Informática,57,29,119
267,Matemática,81,48,115
267,Literatura,31,42,263
267,Biologia,34,63,232
267,História,26,95,100
267,Informática,27,18,63
268,Matemática,15,72,90
268,Literatura,58,85,144
268,Biologia,75,3,289
268,História,12,26,193
268,Informática,86,53,155
269,Matemática,55,63,270
269,Literatura,92,56,255
269,Biologia,13,0,163
269,História,48,47,66
269,Informática,36,38,224
270,Matemática,73,0,222
270,Literatura,36,50,268
270,Biologia,49,100,92
270,História,98,16,187
270,Informática,65,68,172
271,Matemática,84,50,145
271,Literatura,56,61,132
271,Biologia,35,10,234
271,História,75,37,256
271,Informática,69,43,295
272,Matemática,20,14,193
272,Literatura,54,25,101
272,Biologia,19,24,152
272,História,28,90,65
272,Informática,86,10,118
273,Matemática,49,62,282
273,Literatura,27,54,126
273,Biologia,74,1,173
273,História,98,57,222
273,Informática,33,76,167
274,Matemática,100,33,161
274,Literatura,42,40,176
274,Biologia,73,30,234
274,História,12,14,166
274,Informática,17,28,121
275,Matemática,55,86,88
275,Literatura,73,11,152
275,Biologia,46,22,97
275,História,31,69,214
275,Informática,45,19,274
276,Matemática,66,51,298
276,Literatura,75,98,177
276,Biologia,98,38,156
276,História,81,29,94
276,Informática,58,66,248
277,Matemática,27,78,115
277,Literatura,17,70,152
277,Biologia,33,41,271
277,História,59,1,87
277,Informática,97,65,129
278,Matemática,45,1,223
278,Literatura,75,29,65
278,Biologia,31,94,235
278,História,80,83,94
278,Informática,96,68,266
279,Matemática,59,75,272
279,Literatura,31,95,68
279,Biologia,66,73,120
279,História,74,81,290
279,Informática,77,87,158
280,Matemática,20,64,199
280,Literatura,30,13,292
280,Biologia,86,13,81
280,História,52,0,202
280,Informática,12,24,93
281,Matemática,96,41,190
281,Literatura,70,22,287
281,Biologia,94,92,195
281,História,64,21,231
281,Informática,47,67,147
282,Matemática,34,16,73
282,Literatura,76,53,259
282,Biologia,35,94,242
282,História,33,11,60
282,Informática,60,1,137
283,Matemática,46,36,273
283,Literatura,32,94,89
283,Biologia,11,88,71
283,História,70,82,201
283,Informática,82,96,152
284,Matemática,70,62,153
284,Literatura,29,51,92
284,Biologia,93,34,173
284,História,99,7,196
284,Informática,39,61,281
285,Matemática,74,81,135
285,Literatura,31,45,256
285,Biologia,64,41,222
285,História,54,81,187
285,Informática,78,53,256
286,Matemática,23,20,138
286,Literatura,53,12,258
286,Biologia,92,84,198
286,História,98,86,285
286,Informática,46,71,179
287,Matemática,36,8,248
287,Literatura,19,90,239
287,Biologia,80,96,116
287,História,59,73,60
287,Informática,97,85,143
288,Matemática,40,88,122
288,Literatura,20,36,297
288,Biologia,25,26,213
288,História,25,84,280
288,Informática,24,87,180
289,Matemática,43,58,68
289,Literatura,44,78,297
289,Biologia,21,23,199
289,História,43,81,277
289,Informática,34,96,172
290,Matemática,82,34,111
290,Literatura,64,59,276
290,Biologia,94,22,111
290,História,36,3,62
290,Informática,51,26,119
291,Matemática,24,68,91
291,Literatura,97,81,142
291,Biologia,19,100,140
291,História,87,94,193
291,Informática,34,28,102
292,Matemática,81,52,146
292,Literatura,70,85,101
292,Biologia,38,50,257
292,História,10,14,96
292,Informática,63,74,199
293,Matemática,57,58,61
293,Literatura,14,29,220
293,Biologia,74,17,118
293,História,88,89,168
293,Informática,11,20,212
294,Matemática,12,5,165
294,Literatura,27,99,96
294,Biologia,84,21,255
294,História,85,43,139
294,Informática,55,92,98
295,Matemática,90,55,206
295,Literatura,82,58,281
295,Biologia,83,31,183
295,História,86,63,142
295,Informática,63,38,202
296,Matemática,77,17,94
296,Literatura,52,87,155
296,Biologia,41,24,222
296,História,81,91,295
296,Informática,75,52,122
297,Matemática,92,55,94
297,Literatura,10,57,124
297,Biologia,90,5,98
297,História,38,37,268
297,Informática,99,89,76
298,Matemática,19,27,102
298,Literatura,45,87,205
298,Biologia,12,58,146
298,História,87,25,227
298,Informática,28,28,187
299,Matemática,81,45,152
299,Literatura,97,10,232
299,Biologia,29,35,184
299,História,24,34,258
299,Informática,33,20,257
300,Matemática,29,6,234
300,Literatura,52,36,138
300,Biologia,25,45,252
300,História,88,33,100
300,Informática,52,52,172
301,Matemática,25,92,86
301,Literatura,79,17,114
301,Biologia,92,79,194
301,História,39,41,155
301,Informática,91,43,88
302,Matemática,60,32,179
302,Literatura,70,85,251
302,Biologia,98,32,125
302,História,20,13,249
302,Informática,24,40,123
303,Matemática,53,38,173
303,Literatura,57,29,107
303,Biologia,26,69,108
303,História,12,100,91
303,Informática,24,52,154
304,Matemática,20,94,266
304,Literatura,86,0,279
304,Biologia,22,32,156
304,História,37,39,138
304,Informática,76,31,259
305,Matemática,78,0,277
305,Literatura,23,98,218
305,Biologia,71,86,209
305,História,12,7,234
305,Informática,33,78,204
306,Matemática,28,97,162
306,Literatura,59,29,151
306,Biologia,21,40,107
306,História,96,80,123
306,Informática,89,84,155
307,Matemática,80,79,241
307,Literatura,77,77,182
307,Biologia,63,57,260
307,História,93,30,128
307,Informática,54,62,108
308,Matemática,67,98,246
308,Literatura,11,24,81
308,Biologia,99,17,191
308,História,100,36,165
308,Informática,16,99,158
309,Matemática,16,22,140
309,Literatura,16,85,91
309,Biologia,49,40,66
309,História,99,21,89
309,Informática,49,74,229
310,Matemática,28,92,97
310,Literatura,10,100,125
310,Biologia,71,99,71
310,História,36,36,194
310,Informática,36,19,77
311,Matemática,73,52,260
311,Literatura,25,84,73
311,Biologia,75,78,182
311,História,14,86,240
311,Informática,94,53,187
312,Matemática,64,78,220
312,Literatura,42,74,223
312,Biologia,50,89,285
312,História,80,23,276
312,Informática,20,92,61
313,Matemática,52,83,255
313,Literatura,54,36,188
313,Biologia,89,38,288
313,História,62,8,138
313,Informática,93,76,203
314,Matemática,28,34,281
314,Literatura,42,85,179
314,Biologia,65,50,195
314,História,82,52,79
314,Informática,84,59,145
315,Matemática,47,12,205
315,Literatura,70,52,61
315,Biologia,73,21,232
315,História,18,31,264
315,Informática,20,4,150
316,Matemática,83,58,221
316,Literatura,90,75,135
316,Biologia,12,31,199
316,História,43,42,295
316,Informática,33,69,113
317,Matemática,77,19,81
317,Literatura,87,22,255
317,Biologia,12,30,73
317,História,100,2,253
317,Informática,68,6,93
318,Matemática,81,10,207
318,Literatura,61,23,261
318,Biologia,71,43,90
318,História,29,26,289
318,Informática,29,48,128
319,Matemática,29,42,166
319,Literatura,23,53,161
319,Biologia,30,95,92
319,História,75,36,199
319,Informática,13,40,183
320,Matemática,12,52,165
320,Literatura,44,22,289
320,Biologia,52,31,76
320,História,28,96,278
320,Informática,69,85,177
321,Matemática,77,11,169
321,Literatura,84,82,190
321,Biologia,56,36,284
321,História,70,19,226
321,Informática,36,76,211
322,Matemática,77,59,217
322,Literatura,79,82,290
322,Biologia,27,44,162
322,História,27,51,168
322,Informática,80,54,70
323,Matemática,26,16,266
323,Literatura,49,85,96
323,Biologia,73,3,237
323,História,98,21,119
323,Informática,86,27,251
324,Matemática,98,3,254
324,Literatura,72,4,216
324,Biologia,81,67,232
324,História,72,32,103
324,Informática,77,33,298
325,Matemática,43,47,208
325,Literatura,86,74,88
325,Biologia,73,84,282
325,História,13,74,90
325,Informática,81,13,149
326,Matemática,87,77,68
326,Literatura,37,26,171
326,Biologia,98,16,200
326,História,42,43,144
326,Informática,93,82,112
327,Matemática,11,21,95
327,Literatura,78,61,167
327,Biologia,93,49,197
327,História,64,85,157
327,Informática,57,67,121
328,Matemática,68,71,139
328,Literatura,23,63,266
328,Biologia,62,22,133
328,História,48,70,299
328,Informática,36,63,137
329,Matemática,11,79,68
329,Literatura,16,97,170
329,Biologia,32,25,197
329,História,55,59,284
329,Informática,15,48,221
330,Matemática,95,91,227
330,Literatura,64,10,190
330,Biologia,52,61,175
330,História,73,70,169
330,Informática,51,39,192
331,Matemática,34,83,97
331,Literatura,58,23,257
331,Biologia,32,73,208
331,História,95,91,265
331,Informática,14,29,288
332,Matemática,62,59,257
332,Literatura,47,66,63
332,Biologia,53,27,150
332,História,63,34,223
332,Informática,10,88,204
333,Matemática,38,83,152
333,Literatura,91,71,255
333,Biologia,45,56,234
333,História,48,4,214
333,Informática,48,41,165
334,Matemática,54,19,75
334,Literatura,52,67,83
334,Biologia,31,34,251
334,História,100,10,99
334,Informática,78,30,220
335,Matemática,99,29,252
335,Literatura,41,95,99
335,Biologia,81,53,222
335,História,40,60,163
335,Informática,32,11,241
336,Matemática,39,88,169
336,Literatura,57,98,165
336,Biologia,47,55,71
336,História,74,53,149
336,Informática,84,43,262
337,Matemática,45,97,257
337,Literatura,38,58,169
337,Biologia,34,23,242
337,História,18,11,102
337,Informática,98,70,146
338,Matemática,76,59,115
338,Literatura,30,57,242
338,Biologia,73,34,142
338,História,53,27,158
338,Informática,74,72,116
339,Matemática,88,73,201
339,Literatura,70,23,95
339,Biologia,31,66,101
339,História,13,86,149
339,Informática,87,74,134
340,Matemática,36,13,294
340,Literatura,19,47,202
340,Biologia,78,44,221
340,História,14,34,95
340,Informática,76,76,192
341,Matemática,80,60,105
341,Literatura,87,65,171
341,Biologia,21,51,184
341,História,61,19,135
341,Informática,55,58,208
342,Matemática,70,74,273
342,Literatura,15,26,61
342,Biologia,79,78,103
342,História,14,78,299
342,Informática,61,16,206
343,Matemática,38,98,215
343,Literatura,52,9,197
343,Biologia,86,75,139
343,História,32,84,280
343,Informática,81,82,107
344,Matemática,37,61,117
344,Literatura,68,69,276
344,Biologia,100,49,278
344,História,63,99,201
344,Informática,65,79,278
345,Matemática,48,1,267
345,Literatura,82,74,210
345,Biologia,85,90,113
345,História,30,89,79
345,Informática,70,23,74
346,Matemática,18,12,205
346,Literatura,11,27,282
346,Biologia,25,73,67
346,História,99,86,210
346,Informática,88,67,162
347,Matemática,31,5,159
347,Literatura,89,90,104
347,Biologia,25,24,174
347,História,64,80,272
347,Informática,53,20,213
348,Matemática,89,56,266
348,Literatura,31,14,235
348,Biologia,83,76,62
348,História,59,28,96
348,Informática,20,51,70
349,Matemática,93,27,251
349,Literatura,87,66,144
349,Biologia,82,73,112
349,História,73,9,284
349,Informática,70,74,227
350,Matemática,82,90,231
350,Literatura,15,44,250
350,Biologia,30,47,172
350,História,84,76,178
350,Informática,52,87,291
351,Matemática,79,6,231
351,Literatura,42,87,231
351,Biologia,55,7,155
351,História,94,93,98
351,Informática,67,53,162
352,Matemática,19,74,293
352,Literatura,56,70,192
352,Biologia,39,45,243
352,História,80,78,91
352,Informática,61,95,239
353,Matemática,99,88,281
353,Literatura,31,56,162
353,Biologia,87,97,280
353,História,26,78,124
353,Informática,94,18,280
354,Matemática,24,45,101
354,Literatura,98,3,148
354,Biologia,47,35,252
354,História,11,79,72
354,Informática,52,20,218
355,Matemática,99,80,279
355,Literatura,78,39,60
355,Biologia,23,44,225
355,História,61,76,95
355,Informática,75,25,122
356,Matemática,27,43,202
356,Literatura,65,49,89
356,Biologia,52,81,122
356,História,72,36,199
356,Informática,44,66,283
357,Matemática,55,69,230
357,Literatura,27,18,259
357,Biologia,45,3,218
357,História,18,16,75
357,Informática,39,78,94
358,Matemática,84,14,298
358,Literatura,33,92,144
358,Biologia,12,1,152
358,História,84,44,117
358,Informática,18,87,263
359,Matemática,37,57,200
359,Literatura,71,99,188
359,Biologia,13,50,208
359,História,17,78,267
359,Informática,31,46,130
360,Matemática,14,10,244
360,Literatura,94,4,118
360,Biologia,89,50,270
360,História,100,37,232
360,Informática,99,58,154
361,Matemática,62,17,290
361,Literatura,59,92,225
361,Biologia,81,13,167
361,História,84,3,170
361,Informática,96,48,126
362,Matemática,12,16,267
362,Literatura,59,8,263
362,Biologia,97,35,155
362,História,81,97,246
362,Informática,55,33,166
363,Matemática,16,84,163
363,Literatura,23,85,204
363,Biologia,32,29,60
363,História,64,9,219
363,Informática,65,55,173
364,Matemática,48,12,163
364,Literatura,31,83,141
364,Biologia,86,38,209
364,História,94,77,204
364,Informática,94,74,264
365,Matemática,99,56,216
365,Literatura,62,19,266
365,Biologia,42,26,222
365,História,54,68,108
365,Informática,69,2,271
366,Matemática,100,46,269
366,Literatura,18,62,129
366,Biologia,82,47,182
366,História,52,0,157
366,Informática,29,12,195
367,Matemática,24,54,137
367,Literatura,69,72,258
367,Biologia,63,42,225
367,História,13,72,130
367,Informática,94,7,249
368,Matemática,66,80,143
368,Literatura,71,9,167
368,Biologia,37,14,146
368,História,37,17,68
368,Informática,68,75,207
369,Matemática,89,58,283
369,Literatura,90,4,226
369,Biologia,37,5,293
369,História,88,49,280
369,Informática,95,73,252
370,Matemática,99,85,127
370,Literatura,66,5,291
370,Biologia,15,81,191
370,História,38,47,280
370,Informática,77,34,172
371,Matemática,68,32,286
371,Literatura,28,9,194
371,Biologia,75,49,122
371,História,26,70,280
371,Informática,99,79,140
372,Matemática,64,52,192
372,Literatura,52,77,226
372,Biologia,97,1,110
372,História,53,9,296
372,Informática,89,97,118
373,Matemática,43,72,75
373,Literatura,17,97,265
373,Biologia,80,1,112
373,História,47,33,124
373,Informática,98,77,181
374,Matemática,85,9,128
374,Literatura,23,79,114
374,Biologia,39,1,293
374,História,23,4,269
374,Informática,59,2,135
375,Matemática,72,57,197
375,Literatura,70,44,250
375,Biologia,21,65,82
375,História,99,94,178
375,Informática,96,99,270
376,Matemática,40,59,132
376,Literatura,21,5,273
376,Biologia,68,74,148
376,História,21,35,231
376,Informática,11,80,132
377,Matemática,19,21,72
377,Literatura,73,54,237
377,Biologia,24,62,73
377,História,19,54,176
377,Informática,31,62,242
378,Matemática,53,54,246
378,Literatura,31,80,164
378,Biologia,13,3,299
378,História,50,98,212
378,Informática,72,60,115
379,Matemática,48,22,291
379,Literatura,59,46,251
379,Biologia,17,64,164
379,História,59,80,126
379,Informática,91,29,173
380,Matemática,82,68,157
380,Literatura,44,75,218
380,Biologia,71,21,165
380,História,58,73,222
380,Informática,43,53,162
381,Matemática,83,29,287
381,Literatura,72,78,273
381,Biologia,41,0,262
381,História,20,16,101
381,Informática,89,29,156
382,Matemática,19,58,169
382,Literatura,46,86,294
382,Biologia,91,54,224
382,História,79,18,130
382,Informática,75,92,114
383,Matemática,81,80,87
383,Literatura,27,67,168
383,Biologia,26,37,241
383,História,17,89,156
383,Informática,93,63,207
384,Matemática,73,40,214
384,Literatura,100,79,115
384,Biologia,39,37,246
384,História,45,86,139
384,Informática,48,50,179
385,Matemática,71,5,207
385,Literatura,20,9,158
385,Biologia,71,91,257
385,História,70,97,238
385,Informática,29,90,77
386,Matemática,68,28,104
386,Literatura,18,41,259
386,Biologia,51,94,62
386,História,20,45,239
386,Informática,16,7,133
387,Matemática,97,20,266
387,Literatura,17,95,243
387,Biologia,60,23,187
387,História,79,44,227
387,Informática,76,47,222
388,Matemática,76,63,121
388,Literatura,75,56,158
388,Biologia,61,32,224
388,História,79,37,209
388,Informática,54,11,288
389,Matemática,90,92,184
389,Literatura,89,50,176
389,Biologia,40,100,198
389,História,26,49,97
389,Informática,65,38,286
390,Matemática,17,24,260
390,Literatura,48,19,291
390,Biologia,61,95,180
390,História,51,98,63
390,Informática,52,98,134
391,Matemática,87,18,244
391,Literatura,39,63,241
391,Biologia,64,21,67
391,História,62,66,172
391,Informática,81,51,150
392,Matemática,70,84,140
392,Literatura,48,28,86
392,Biologia,75,97,297
392,História,54,70,128
392,Informática,97,50,133
393,Matemática,70,21,297
393,Literatura,19,99,220
393,Biologia,10,69,254
393,História,34,19,277
393,Informática,45,59,136
394,Matemática,19,87,174
394,Literatura,81,74,205
394,Biologia,61,65,194
394,História,62,82,68
394,Informática,57,79,286
395,Matemática,26,74,126
395,Literatura,32,15,205
395,Biologia,14,58,294
395,História,44,30,62
395,Informática,72,91,232
396,Matemática,60,16,181
396,Literatura,13,61,173
396,Biologia,57,71,80
396,História,75,53,186
396,Informática,99,21,227
397,Matemática,32,84,176
397,Literatura,65,66,117
397,Biologia,70,80,216
397,História,55,29,285
397,Informática,69,45,245
398,Matemática,55,99,127
398,Literatura,39,26,141
398,Biologia,67,43,175
398,História,79,98,286
398,Informática,61,88,284
399,Matemática,56,82,75
399,Literatura,40,22,88
399,Biologia,36,60,80
399,História,55,46,233
399,Informática,71,74,259
400,Matemática,57,64,106
400,Literatura,32,37,245
400,Biologia,76,3,129
400,História,48,54,87
400,Informática,85,32,159
401,Matemática,90,17,223
401,Literatura,20,71,249
401,Biologia,90,96,263
401,História,25,27,121
401,Informática,33,4,284
402,Matemática,98,17,294
402,Literatura,62,35,244
402,Biologia,29,28,196
402,História,73,19,243
402,Informática,46,20,272
403,Matemática,58,78,275
403,Literatura,10,57,282
403,Biologia,35,97,196
403,História,53,25,138
403,Informática,67,33,146
404,Matemática,89,18,152
404,Literatura,84,95,120
404,Biologia,79,1,161
404,História,93,80,232
404,Informática,23,72,283
405,Matemática,31,10,165
405,Literatura,51,41,207
405,Biologia,91,91,229
405,História,89,33,65
405,Informática,42,26,217
406,Matemática,27,99,61
406,Literatura,86,13,190
406,Biologia,55,22,294
406,História,51,59,100
406,Informática,81,86,112
407,Matemática,65,53,164
407,Literatura,16,91,159
407,Biologia,14,84,102
407,História,45,40,85
407,Informática,88,42,200
408,Matemática,89,53,289
408,Literatura,31,58,181
408,Biologia,66,19,98
408,História,46,52,140
408,Informática,42,63,101
409,Matemática,75,85,133
409,Literatura,13,26,279
409,Biologia,49,53,105
409,História,97,37,293
409,Informática,79,7,136
410,Matemática,53,76,269
410,Literatura,73,30,291
410,Biologia,76,8,90
410,História,95,63,150
410,Informática,67,11,264
411,Matemática,31,11,126
411,Literatura,31,60,228
411,Biologia,16,39,277
411,História,56,59,212
411,Informática,92,33,283
412,Matemática,49,52,119
412,Literatura,81,18,269
412,Biologia,56,4,166
412,História,45,70,258
412,Informática,77,22,101
413,Matemática,50,82,143
413,Literatura,33,45,295
413,Biologia,100,46,136
413,História,27,74,236
413,Informática,31,6,241
414,Matemática,99,84,202
414,Literatura,94,26,114
414,Biologia,60,83,287
414,História,95,43,145
414,Informática,100,42,228
415,Matemática,41,27,147
415,Literatura,36,19,254
415,Biologia,58,76,198
415,História,37,97,299
415,Informática,73,28,63
416,Matemática,21,15,131
416,Literatura,22,39,179
416,Biologia,43,17,243
416,História,21,21,182
416,Informática,38,95,161
417,Matemática,76,17,281
417,Literatura,66,48,164
417,Biologia,54,3,233
417,História,87,14,170
417,Informática,36,2,295
418,Matemática,85,65,244
418,Literatura,78,48,221
418,Biologia,58,93,173
418,História,63,34,186
418,Informática,45,26,89
419,Matemática,69,63,79
419,Literatura,95,100,179
419,Biologia,31,83,268
419,História,65,49,87
419,Informática,100,75,249
420,Matemática,10,41,212
420,Literatura,20,15,204
420,Biologia,35,30,114
420,História,67,15,176
420,Informática,98,17,297
421,Matemática,27,38,266
421,Literatura,95,65,190
421,Biologia,12,68,190
421,História,30,35,147
421,Informática,75,58,208
422,Matemática,38,22,60
422,Literatura,32,39,131
422,Biologia,75,58,109
422,História,81,19,69
422,Informática,25,13,81
423,Matemática,22,56,273
423,Literatura,20,66,154
423,Biologia,77,18,140
423,História,54,66,161
423,Informática,57,69,132
424,Matemática,94,23,140
424,Literatura,81,3,94
424,Biologia,45,38,130
424,História,40,43,73
424,Informática,22,69,224
425,Matemática,48,81,254
425,Literatura,66,42,261
425,Biologia,100,20,136
425,História,38,48,234
425,Informática,84,25,166
426,Matemática,66,34,271
426,Literatura,42,50,139
426,Biologia,17,73,182
426,História,63,49,231
426,Informática,76,97,66
427,Matemática,88,88,225
427,Literatura,33,45,240
427,Biologia,79,21,213
427,História,36,63,98
427,Informática,93,51,199
428,Matemática,46,50,202
428,Literatura,92,66,273
428,Biologia,34,51,257
428,História,86,54,173
428,Informática,26,83,279
429,Matemática,65,61,87
429,Literatura,83,37,277
429,Biologia,100,99,259
429,História,48,44,293
429,Informática,64,5,97
430,Matemática,79,14,158
430,Literatura,50,14,62
430,Biologia,93,49,90
430,História,41,0,88
430,Informática,74,8,76
431,Matemática,60,100,281
431,Literatura,70,45,265
431,Biologia,69,40,140
431,História,75,95,224
431,Informática,18,27,289
432,Matemática,86,44,128
432,Literatura,70,13,76
432,Biologia,35,93,221
432,História,69,61,222
432,Informática,42,31,158
433,Matemática,33,40,245
433,Literatura,66,72,107
433,Biologia,25,32,79
433,História,33,83,163
433,Informática,81,40,191
434,Matemática,54,35,217
434,Literatura,52,49,296
434,Biologia,92,84,242
434,História,33,76,78
434,Informática,31,37,256
435,Matemática,69,2,278
435,Literatura,58,65,159
435,Biologia,10,94,184
435,História,41,3,147
435,Informática,96,43,127
436,Matemática,22,73,113
436,Literatura,26,96,251
436,Biologia,79,49,271
436,História,27,38,286
436,Informática,11,73,296
437,Matemática,66,55,204
437,Literatura,76,46,80
437,Biologia,44,97,171
437,História,60,89,216
437,Informática,68,37,203
438,Matemática,67,38,214
438,Literatura,13,50,190
438,Biologia,29,43,227
438,História,50,19,288
438,Informática,37,15,174
439,Matemática,67,7,146
439,Literatura,87,92,195
439,Biologia,15,91,171
439,História,29,87,293
439,Informática,98,89,203
440,Matemática,92,69,106
440,Literatura,10,96,241
440,Biologia,51,7,232
440,História,24,94,245
440,Informática,44,88,270
441,Matemática,88,35,196
441,Literatura,91,26,156
441,Biologia,44,69,255
441,História,22,70,222
441,Informática,73,41,119
442,Matemática,99,58,180
442,Literatura,41,44,193
442,Biologia,87,47,99
442,História,90,29,246
442,Informática,49,86,158
443,Matemática,36,47,74
443,Literatura,98,82,270
443,Biologia,44,11,193
443,História,36,78,126
443,Informática,52,0,97
444,Matemática,55,53,299
444,Literatura,61,3,71
444,Biologia,56,19,218
444,História,23,48,278
444,Informática,11,31,143
445,Matemática,92,4,125
445,Literatura,14,16,201
445,Biologia,21,98,92
445,História,34,39,299
445,Informática,10,9,126
446,Matemática,42,46,63
446,Literatura,55,91,179
446,Biologia,27,33,211
446,História,54,43,221
446,Informática,36,7,235
447,Matemática,76,48,171
447,Literatura,94,86,106
447,Biologia,58,37,267
447,História,83,48,286
447,Informática,71,3,288
448,Matemática,79,83,209
448,Literatura,35,6,238
448,Biologia,69,8,217
448,História,29,99,176
448,Informática,80,49,171
449,Matemática,37,10,195
449,Literatura,82,19,279
449,Biologia,26,26,91
449,História,68,58,184
449,Informática,100,85,162
450,Matemática,70,64,216
450,Literatura,45,55,138
450,Biologia,24,29,125
450,História,61,73,110
450,Informática,33,72,244
451,Matemática,87,78,90
451,Literatura,81,85,260
451,Biologia,44,36,124
451,História,76,66,159
451,Informática,12,93,69
452,Matemática,46,58,118
452,Literatura,53,70,145
452,Biologia,79,62,178
452,História,92,54,67
452,Informática,18,80,191
453,Matemática,72,86,200
453,Literatura,31,71,198
453,Biologia,25,22,266
453,História,44,88,138
453,Informática,97,40,279
454,Matemática,53,100,291
454,Literatura,21,88,186
454,Biologia,22,39,186
454,História,48,40,71
454,Informática,12,91,155
455,Matemática,49,14,178
455,Literatura,23,55,120
455,Biologia,76,86,292
455,História,65,56,60
455,Informática,61,86,118
456,Matemática,34,70,254
456,Literatura,99,62,254
456,Biologia,25,74,275
456,História,29,84,181
456,Informática,77,60,238
457,Matemática,10,19,104
457,Literatura,30,45,109
457,Biologia,68,59,221
457,História,38,44,217
457,Informática,95,82,117
458,Matemática,42,33,154
458,Literatura,68,44,125
458,Biologia,35,93,289
458,História,24,80,237
458,Informática,81,10,293
459,Matemática,64,81,266
459,Literatura,90,1,132
459,Biologia,32,26,73
459,História,63,16,228
459,Informática,33,73,77
460,Matemática,33,39,196
460,Literatura,36,44,280
460,Biologia,20,63,85
460,História,76,10,86
460,Informática,45,8,206
461,Matemática,88,82,259
461,Literatura,58,44,281
461,Biologia,73,58,99
461,História,97,55,75
461,Informática,45,0,123
462,Matemática,72,2,253
462,Literatura,16,76,226
462,Biologia,51,65,108
462,História,16,42,110
462,Informática,49,90,175
463,Matemática,47,44,157
463,Literatura,43,97,195
463,Biologia,46,41,279
463,História,37,60,179
463,Informática,42,12,266
464,Matemática,100,25,210
464,Literatura,18,42,94
464,Biologia,14,82,100
464,História,26,38,121
464,Informática,35,33,140
465,Matemática,66,18,253
465,Literatura,100,33,286
465,Biologia,85,22,202
465,História,77,7,112
465,Informática,57,10,183
466,Matemática,87,85,157
466,Literatura,51,80,104
466,Biologia,80,6,261
466,História,17,72,284
466,Informática,56,61,297
467,Matemática,68,91,102
467,Literatura,30,95,299
467,Biologia,11,29,233
467,História,63,88,174
467,Informática,95,6,126
468,Matemática,45,46,110
468,Literatura,74,70,179
468,Biologia,12,58,156
468,História,41,18,269
468,Informática,48,29,146
469,Matemática,47,38,134
469,Literatura,56,62,117
469,Biologia,73,85,170
469,História,19,14,127
469,Informática,94,11,220
470,Matemática,58,20,106
470,Literatura,45,17,153
470,Biologia,76,86,214
470,História,27,16,61
470,Informática,56,61,129
471,Matemática,12,3,108
471,Literatura,92,45,208
471,Biologia,28,38,91
471,História,15,100,96
471,Informática,54,29,163
472,Matemática,12,37,146
472,Literatura,23,29,208
472,Biologia,24,63,232
472,História,47,18,158
472,Informática,90,2,244
473,Matemática,51,92,101
473,Literatura,60,1,135
473,Biologia,57,1,217
473,História,46,69,72
473,Informática,11,87,160
474,Matemática,93,16,90
474,Literatura,12,97,131
474,Biologia,40,20,192
474,História,35,6,295
474,Informática,100,32,240
475,Matemática,29,64,91
475,Literatura,59,44,150
475,Biologia,43,9,147
475,História,96,75,80
475,Informática,53,56,164
476,Matemática,74,63,205
476,Literatura,36,65,246
476,Biologia,75,40,136
476,História,79,98,211
476,Informática,15,44,120
477,Matemática,19,94,231
477,Literatura,64,1,181
477,Biologia,95,40,227
477,História,65,86,202
477,Informática,11,63,125
478,Matemática,55,52,154
478,Literatura,56,55,284
478,Biologia,30,51,221
478,História,41,59,221
478,Informática,14,75,133
479,Matemática,96,67,103
479,Literatura,88,41,156
479,Biologia,48,53,178
479,História,98,96,272
479,Informática,59,69,72
480,Matemática,91,67,86
480,Literatura,82,7,175
480,Biologia,44,61,62
480,História,54,89,65
480,Informática,72,50,60
481,Matemática,79,49,110
481,Literatura,22,75,221
481,Biologia,90,59,289
481,História,77,90,197
481,Informática,85,77,149
482,Matemática,24,88,73
482,Literatura,63,60,108
482,Biologia,17,44,70
482,História,62,26,217
482,Informática,99,58,247
483,Matemática,24,80,184
483,Literatura,26,15,63
483,Biologia,99,1,179
483,História,56,24,74
483,Informática,37,32,204
484,Matemática,22,61,252
484,Literatura,47,97,138
484,Biologia,97,56,226
484,História,45,75,175
484,Informática,48,56,185
485,Matemática,51,51,267
485,Literatura,37,80,98
485,Biologia,60,27,278
485,História,67,28,176
485,Informática,90,68,179
486,Matemática,24,28,156
486,Literatura,77,96,273
486,Biologia,77,98,97
486,História,55,90,94
486,Informática,54,36,139
487,Matemática,61,23,62
487,Literatura,19,64,74
487,Biologia,34,87,192
487,História,51,54,177
487,Informática,84,59,296
488,Matemática,12,40,291
488,Literatura,93,36,264
488,Biologia,18,82,177
488,História,44,49,88
488,Informática,28,65,284
489,Matemática,45,22,235
489,Literatura,97,22,235
489,Biologia,67,34,143
489,História,98,60,130
489,Informática,38,28,179
490,Matemática,40,75,66
490,Literatura,45,45,96
490,Biologia,96,17,184
490,História,59,79,193
490,Informática,89,42,269
491,Matemática,29,66,218
491,Literatura,78,53,204
491,Biologia,23,82,88
491,História,45,23,154
491,Informática,24,29,230
492,Matemática,26,49,280
492,Literatura,45,20,132
492,Biologia,25,22,90
492,História,39,13,261
492,Informática,67,3,266
493,Matemática,20,72,281
493,Literatura,64,28,248
493,Biologia,43,16,109
493,História,38,19,186
493,Informática,25,94,102
494,Matemática,76,42,278
494,Literatura,25,93,96
494,Biologia,70,76,121
494,História,55,83,174
494,Informática,51,13,73
495,Matemática,12,36,110
495,Literatura,50,32,130
495,Biologia,95,79,209
495,História,26,24,60
495,Informática,80,8,91
496,Matemática,64,29,112
496,Literatura,70,37,247
496,Biologia,47,34,290
496,História,23,51,145
496,Informática,79,9,164
497,Matemática,90,55,245
497,Literatura,35,9,76
497,Biologia,24,71,81
497,História,32,94,186
497,Informática,76,22,165
498,Matemática,21,53,164
498,Literatura,17,78,257
498,Biologia,13,82,83
498,História,50,74,280
498,Informática,48,26,200
499,Matemática,14,48,204
499,Literatura,72,86,117
499,Biologia,24,21,86
499,História,48,42,207
499,Informática,68,72,87
500,Matemática,30,14,160
500,Literatura,79,83,143
500,Biologia,37,42,269
500,História,72,36,89
500,Informática,22,17,110
